L1,L2,L2,L2,L3
L2,H4,L2,L4,L4
SC,L2,L4,L4,L4
W,H4,L4,L4,L4
L3,SC,W,L1,H3
L1,L1,L2,W,H1
L1,W,W,L3,H3
L4,L2,L4,H4,L2
H2,L3,L4,L4,L2
L3,L4,L3,H3,H4
L4,L1,L4,L3,L4
L3,L3,L4,L4,L2
L3,L3,L1,H4,L4
H1,L4,H2,H4,SC
L3,L4,L4,L4,H2
L2,L4,L2,L1,L3
L2,L1,L3,L3,L2
H4,L1,H4,L2,W
H3,H4,L4,L4,L4
L4,L2,H4,H3,L3
H1,L1,L1,L4,H3
H3,L4,L4,L4,L3
L2,L3,L4,W,L3
H2,L2,L4,L3,L2
L4,SC,L1,L4,H4
L4,L4,L4,L3,L4
L2,L2,L1,L4,L4
H4,L4,H2,H3,L3
L1,L2,L2,W,L4
L4,L4,L4,L3,H3
L3,W,L2,L3,SC
L3,L3,H4,L4,L4
L2,L2,L4,L4,L3
L4,L4,L1,L2,L2
L1,L4,L2,L1,W
L2,L1,L2,SC,L4
L3,L1,H4,W,L4
L2,L3,SC,L1,L2
L4,L1,L1,L1,L2
H1,H4,SC,L3,L3
L4,H4,L2,L3,L3
L2,L4,L3,L1,L1
L2,L4,H4,L4,L2
L2,L2,L3,L2,L4
L1,L4,W,L4,L4
L4,L3,H3,L3,L3
H4,L4,L3,L1,L4
L3,L2,L4,L3,L1
H2,H3,H3,L4,L4
L4,L2,H3,L3,L2
L3,SC,L4,L1,H4
L1,H3,L3,L1,L2
L1,H4,L4,L2,L2
L3,H4,L3,L2,SC
L1,L3,L3,L3,L4
L2,W,L4,L1,H4
L2,L4,L1,L2,L3
L2,L4,L2,H2,L1
H3,L2,L3,SC,L4
L3,L3,W,SC,L1
L4,L3,L4,H4,L3
L4,L1,L3,L4,L3
L4,L4,L4,L3,L4
L1,L2,L4,L2,L1
L2,L3,L1,L3,L4
L1,H4,L1,L4,H4
L2,H3,L1,L2,L4
L2,L3,L4,L4,L2
L4,L4,SC,L1,L3
L4,H4,SC,W,L2
L4,L2,L3,SC,L3
L3,H3,H3,L2,L1
L4,W,L4,H4,L2
H2,L3,H1,L2,L4
L4,L3,H3,L4,L2
SC,L2,L4,L3,L4
L4,H3,L3,L4,L3
L2,L1,H4,H4,SC
W,L3,L3,W,L4
L4,L1,W,L3,L4
L2,L3,H1,L4,L3
L2,L1,L2,L3,L1
L3,L3,L2,L2,H3
H2,L1,H4,L3,L2
L4,L3,L1,L2,L4
L3,L4,H3,W,H3
L4,L4,H4,L3,H4
L4,H1,L4,H2,H1
L4,L4,L4,L4,L1
W,H4,L3,L3,H4
L2,H4,L3,H1,SC
L3,L4,L2,L4,H3
L3,L4,L4,H3,L3
L3,H3,L2,L1,L3
SC,H4,L4,SC,L3
W,L4,L4,L1,L2
L4,L1,L4,L2,L3
SC,H3,L1,L1,L1
H3,L1,L3,L4,L4
SC,L4,L1,L4,H3
W,H2,H3,L2,L3
H4,L3,H2,L4,L4
L2,L4,L3,H4,L2
L4,L2,H2,H1,L4
L4,L4,L4,W,L4
H4,H3,L4,H1,H4
H4,L1,W,L4,L3
L4,L2,L1,H2,L4
W,L3,L4,H4,L1
L4,L1,L4,L2,L2
L3,L3,L3,H2,L2
L4,W,H4,L4,L1
L1,L2,L3,SC,L3
L4,L2,L4,SC,SC
L4,H2,L3,L4,L3
H4,W,H3,L1,L3
L1,L3,L1,L1,H4
L3,L2,L2,L3,SC
L4,L4,SC,L2,L1
L4,H4,L3,H2,L3
L2,L4,H4,L2,H4
L1,L3,L3,L4,W
H4,L3,L3,L3,L4
H4,L4,L2,L1,L3
L4,SC,L2,L1,L3
L4,H4,L1,L2,H4
L3,L2,L4,L2,H2
L3,L3,L3,L2,L4
L4,L2,L4,L1,H4
L1,L4,L1,H3,H4
L3,L3,L2,L4,W
L1,H4,L1,L4,L3
L2,L4,L2,L2,L1
H3,SC,L3,H2,W
L3,L3,L2,L2,H4
L3,L4,W,L3,L4
L3,L2,L1,L3,L3
H4,L4,L4,H4,W
L3,H1,H4,W,L4
L4,L1,L3,H3,L3
L1,L4,L3,L3,L4
L1,H2,L4,L3,L4
L3,L3,SC,L4,L1
L2,L4,L4,L2,L1
H4,L2,L2,L3,L2
L3,L3,L3,L4,H1
H4,W,L1,SC,L4
L3,W,L4,H3,L4
L3,L1,L2,H3,L2
H4,L4,L1,L2,H2
L1,H2,H3,L4,L1
L2,SC,L2,H4,L4
L3,L3,L4,H3,L2
L4,L4,L2,L1,L2
L3,L1,L4,L3,L2
L2,L2,H4,H4,L2
L3,H2,SC,L1,L4
L4,L2,L1,L2,L1
L4,L4,L3,H4,L3
W,L2,L3,L4,H4
L4,L1,H4,L2,L4
L2,L3,H3,SC,L4
L1,L4,L4,L2,W
L3,SC,L3,L4,W
L1,L3,L3,L4,L1
L3,L3,L4,L3,L1
SC,L2,L4,L1,L3
L3,L2,H2,L3,L4
SC,L4,L2,L3,L3
L3,SC,L2,H4,H2
L4,W,SC,L4,L3
L4,L1,L2,H4,L1
H4,L3,H4,L4,L4
L4,L4,L3,L3,H3
H3,L2,L2,L2,L2
L1,L4,L4,L3,H2
H3,L1,L3,L2,H3
H4,L3,L3,L1,L1
L1,L2,L3,H4,L2
L2,L2,L2,L3,L4
W,L4,H4,L3,L1
H3,SC,L2,L3,L4
L3,L3,W,L4,L4
L4,L3,L1,L3,L2
L1,L4,L3,H4,L3
H2,L3,L3,H3,L1
L4,H1,L2,L4,L4
L2,H4,L3,L2,L3
H3,L4,L4,L4,W
L4,H2,L2,L3,L3
SC,L3,L1,L2,SC
L2,L3,L3,L4,L3
H4,L3,H4,L3,H2
H3,L4,L3,L4,H4
L2,L4,H2,L3,L2
L3,L4,W,L4,L1
L3,H3,SC,L1,L2
SC,L1,L4,L4,SC
W,H3,H1,L4,L4
L4,L4,L4,L4,L3
